{
  "name": "codemirror",
  "main": [
    "lib/codemirror.js",
    "lib/codemirror.css"
  ],
  "ignore": [
    "**/.*",
    "node_modules",
    "components",
    "bin",
    "demo",
    "doc",
    "test",
    "index.html",
    "package.json",
    "mode/*/*test.js",
    "mode/*/*.html"
  ],
  "homepage": "https://github.com/marijnh/CodeMirror",
  "version": "5.5.0",
  "_release": "5.5.0",
  "_resolution": {
    "type": "version",
    "tag": "5.5.0",
    "commit": "8cc06af2c04cd16b11d2a2ccc4c8ef52d9d080d4"
  },
  "_source": "git://github.com/marijnh/CodeMirror.git",
  "_target": "^5.0",
  "_originalSource": "codemirror"
}